{
    "classes": [
        "bul",
        "deu",
        "eng",
        "fra",
        "hin",
        "ita",
        "jpn",
        "kor",
        "por",
        "rus",
        "spa",
        "tha",
        "tur",
        "vie",
        "zho"
    ],
    "accuracy": 0.9610666666666666,
    "precision": [
        0.9857433808553971,
        0.9788583509513742,
        0.7368421052631579,
        0.9726027397260274,
        0.9939393939393939,
        0.9958333333333333,
        0.9979919678714859,
        0.9979838709677419,
        0.9322709163346613,
        0.9784313725490196,
        0.9972451790633609,
        0.9899799599198397,
        0.9557692307692308,
        1.0,
        0.9900596421471173
    ],
    "recall": [
        0.968,
        0.926,
        0.98,
        0.994,
        0.984,
        0.956,
        0.994,
        0.99,
        0.936,
        0.998,
        0.724,
        0.988,
        0.994,
        0.988,
        0.996
    ],
    "f1": [
        0.9767911200807265,
        0.9516957862281603,
        0.8412017167381974,
        0.9831849653808111,
        0.9889447236180905,
        0.9755102040816327,
        0.9959919839679359,
        0.9939759036144579,
        0.9341317365269461,
        0.9881188118811881,
        0.8389339513325609,
        0.988988988988989,
        0.9745098039215686,
        0.993963782696177,
        0.9930209371884346
    ],
    "precision_macro": 0.9669034295794093,
    "recall_macro": 0.9610666666666666,
    "f1_macro": 0.9612642944163918,
    "confusion_matrix": [
        [
            484,
            8,
            6,
            1,
            0,
            0,
            0,
            0,
            1,
            0,
            0,
            0,
            0,
            0,
            0
        ],
        [
            0,
            463,
            15,
            8,
            1,
            0,
            0,
            1,
            5,
            4,
            1,
            0,
            2,
            0,
            0
        ],
        [
            0,
            0,
            490,
            0,
            0,
            0,
            0,
            0,
            1,
            2,
            0,
            4,
            3,
            0,
            0
        ],
        [
            0,
            0,
            2,
            497,
            0,
            0,
            0,
            0,
            1,
            0,
            0,
            0,
            0,
            0,
            0
        ],
        [
            0,
            0,
            8,
            0,
            492,
            0,
            0,
            0,
            0,
            0,
            0,
            0,
            0,
            0,
            0
        ],
        [
            0,
            1,
            5,
            0,
            1,
            478,
            0,
            0,
            1,
            0,
            0,
            0,
            14,
            0,
            0
        ],
        [
            0,
            0,
            1,
            0,
            0,
            0,
            497,
            0,
            0,
            2,
            0,
            0,
            0,
            0,
            0
        ],
        [
            0,
            0,
            0,
            0,
            0,
            0,
            0,
            495,
            0,
            0,
            0,
            0,
            0,
            0,
            5
        ],
        [
            0,
            1,
            31,
            0,
            0,
            0,
            0,
            0,
            468,
            0,
            0,
            0,
            0,
            0,
            0
        ],
        [
            0,
            0,
            1,
            0,
            0,
            0,
            0,
            0,
            0,
            499,
            0,
            0,
            0,
            0,
            0
        ],
        [
            7,
            0,
            90,
            5,
            1,
            2,
            1,
            0,
            25,
            3,
            362,
            1,
            3,
            0,
            0
        ],
        [
            0,
            0,
            6,
            0,
            0,
            0,
            0,
            0,
            0,
            0,
            0,
            494,
            0,
            0,
            0
        ],
        [
            0,
            0,
            3,
            0,
            0,
            0,
            0,
            0,
            0,
            0,
            0,
            0,
            497,
            0,
            0
        ],
        [
            0,
            0,
            5,
            0,
            0,
            0,
            0,
            0,
            0,
            0,
            0,
            0,
            1,
            494,
            0
        ],
        [
            0,
            0,
            2,
            0,
            0,
            0,
            0,
            0,
            0,
            0,
            0,
            0,
            0,
            0,
            498
        ]
    ]
}