{
    "classes": [
        "bul",
        "deu",
        "eng",
        "fra",
        "hin",
        "ita",
        "jpn",
        "kor",
        "por",
        "rus",
        "spa",
        "tha",
        "tur",
        "vie",
        "zho"
    ],
    "accuracy": 0.9826666666666667,
    "precision": [
        1.0,
        0.9647058823529412,
        0.8488964346349746,
        0.9841584158415841,
        1.0,
        0.9958762886597938,
        1.0,
        1.0,
        0.997867803837953,
        0.9940239043824701,
        0.9959100204498977,
        1.0,
        0.9959839357429718,
        1.0,
        0.9900596421471173
    ],
    "recall": [
        0.964,
        0.984,
        1.0,
        0.994,
        0.978,
        0.966,
        0.994,
        0.99,
        0.936,
        0.998,
        0.974,
        0.988,
        0.992,
        0.986,
        0.996
    ],
    "f1": [
        0.9816700610997963,
        0.9742574257425741,
        0.9182736455463728,
        0.9890547263681593,
        0.9888776541961577,
        0.9807106598984772,
        0.9969909729187563,
        0.9949748743718593,
        0.9659442724458205,
        0.9960079840319361,
        0.9848331648129423,
        0.993963782696177,
        0.9939879759519038,
        0.9929506545820745,
        0.9930209371884346
    ],
    "precision_macro": 0.9844988218699804,
    "recall_macro": 0.9826666666666667,
    "f1_macro": 0.9830345861234293,
    "confusion_matrix": [
        [
            482,
            11,
            4,
            1,
            0,
            0,
            0,
            0,
            0,
            1,
            1,
            0,
            0,
            0,
            0
        ],
        [
            0,
            492,
            3,
            4,
            0,
            0,
            0,
            0,
            0,
            0,
            1,
            0,
            0,
            0,
            0
        ],
        [
            0,
            0,
            500,
            0,
            0,
            0,
            0,
            0,
            0,
            0,
            0,
            0,
            0,
            0,
            0
        ],
        [
            0,
            0,
            2,
            497,
            0,
            0,
            0,
            0,
            1,
            0,
            0,
            0,
            0,
            0,
            0
        ],
        [
            0,
            0,
            11,
            0,
            489,
            0,
            0,
            0,
            0,
            0,
            0,
            0,
            0,
            0,
            0
        ],
        [
            0,
            3,
            12,
            0,
            0,
            483,
            0,
            0,
            0,
            0,
            0,
            0,
            2,
            0,
            0
        ],
        [
            0,
            0,
            1,
            0,
            0,
            0,
            497,
            0,
            0,
            2,
            0,
            0,
            0,
            0,
            0
        ],
        [
            0,
            0,
            0,
            0,
            0,
            0,
            0,
            495,
            0,
            0,
            0,
            0,
            0,
            0,
            5
        ],
        [
            0,
            4,
            27,
            1,
            0,
            0,
            0,
            0,
            468,
            0,
            0,
            0,
            0,
            0,
            0
        ],
        [
            0,
            0,
            1,
            0,
            0,
            0,
            0,
            0,
            0,
            499,
            0,
            0,
            0,
            0,
            0
        ],
        [
            0,
            0,
            9,
            2,
            0,
            2,
            0,
            0,
            0,
            0,
            487,
            0,
            0,
            0,
            0
        ],
        [
            0,
            0,
            6,
            0,
            0,
            0,
            0,
            0,
            0,
            0,
            0,
            494,
            0,
            0,
            0
        ],
        [
            0,
            0,
            4,
            0,
            0,
            0,
            0,
            0,
            0,
            0,
            0,
            0,
            496,
            0,
            0
        ],
        [
            0,
            0,
            7,
            0,
            0,
            0,
            0,
            0,
            0,
            0,
            0,
            0,
            0,
            493,
            0
        ],
        [
            0,
            0,
            2,
            0,
            0,
            0,
            0,
            0,
            0,
            0,
            0,
            0,
            0,
            0,
            498
        ]
    ]
}