{
    "classes": [
        "bul",
        "deu",
        "eng",
        "fra",
        "hin",
        "ita",
        "jpn",
        "kor",
        "por",
        "rus",
        "spa",
        "tha",
        "tur",
        "vie",
        "zho"
    ],
    "accuracy": 0.6173333333333333,
    "precision": [
        0.2636708175419599,
        0.9664031620553359,
        0.0,
        0.9649122807017544,
        0.4934409687184662,
        0.8659420289855072,
        0.5425055928411633,
        0.0,
        0.4931071049840933,
        0.0,
        0.0,
        1.0,
        0.9763313609467456,
        1.0,
        1.0
    ],
    "recall": [
        0.974,
        0.978,
        0.0,
        0.99,
        0.978,
        0.956,
        0.97,
        0.0,
        0.93,
        0.0,
        0.0,
        0.972,
        0.99,
        0.52,
        0.002
    ],
    "f1": [
        0.4149978696207925,
        0.9721669980119284,
        0.0,
        0.9772951628825272,
        0.6559356136820925,
        0.908745247148289,
        0.6958393113342898,
        0.0,
        0.6444906444906445,
        0.0,
        0.0,
        0.9858012170385395,
        0.9831181727904668,
        0.6842105263157895,
        0.003992015968063872
    ],
    "precision_macro": 0.5710875544516685,
    "recall_macro": 0.6173333333333333,
    "f1_macro": 0.5284395186188948,
    "confusion_matrix": [
        [
            487,
            11,
            0,
            1,
            0,
            1,
            0,
            0,
            0,
            0,
            0,
            0,
            0,
            0,
            0
        ],
        [
            4,
            489,
            0,
            6,
            0,
            0,
            0,
            0,
            1,
            0,
            0,
            0,
            0,
            0,
            0
        ],
        [
            443,
            1,
            0,
            9,
            0,
            44,
            0,
            0,
            3,
            0,
            0,
            0,
            0,
            0,
            0
        ],
        [
            4,
            0,
            0,
            495,
            0,
            0,
            0,
            0,
            1,
            0,
            0,
            0,
            0,
            0,
            0
        ],
        [
            9,
            1,
            0,
            0,
            489,
            1,
            0,
            0,
            0,
            0,
            0,
            0,
            0,
            0,
            0
        ],
        [
            9,
            1,
            0,
            0,
            0,
            478,
            0,
            0,
            0,
            0,
            0,
            0,
            12,
            0,
            0
        ],
        [
            14,
            0,
            0,
            0,
            1,
            0,
            485,
            0,
            0,
            0,
            0,
            0,
            0,
            0,
            0
        ],
        [
            13,
            0,
            0,
            0,
            482,
            0,
            5,
            0,
            0,
            0,
            0,
            0,
            0,
            0,
            0
        ],
        [
            25,
            3,
            0,
            0,
            0,
            7,
            0,
            0,
            465,
            0,
            0,
            0,
            0,
            0,
            0
        ],
        [
            500,
            0,
            0,
            0,
            0,
            0,
            0,
            0,
            0,
            0,
            0,
            0,
            0,
            0,
            0
        ],
        [
            6,
            0,
            0,
            2,
            0,
            19,
            0,
            0,
            473,
            0,
            0,
            0,
            0,
            0,
            0
        ],
        [
            10,
            0,
            0,
            0,
            3,
            1,
            0,
            0,
            0,
            0,
            0,
            486,
            0,
            0,
            0
        ],
        [
            5,
            0,
            0,
            0,
            0,
            0,
            0,
            0,
            0,
            0,
            0,
            0,
            495,
            0,
            0
        ],
        [
            240,
            0,
            0,
            0,
            0,
            0,
            0,
            0,
            0,
            0,
            0,
            0,
            0,
            260,
            0
        ],
        [
            78,
            0,
            0,
            0,
            16,
            1,
            404,
            0,
            0,
            0,
            0,
            0,
            0,
            0,
            1
        ]
    ]
}