{
    "classes": [
        "bul",
        "deu",
        "eng",
        "fra",
        "hin",
        "ita",
        "jpn",
        "kor",
        "por",
        "rus",
        "spa",
        "tha",
        "tur",
        "vie",
        "zho"
    ],
    "accuracy": 0.9721333333333333,
    "precision": [
        0.9897540983606558,
        0.9791231732776617,
        0.8361774744027304,
        0.9688109161793372,
        0.9899396378269618,
        0.989648033126294,
        0.9979919678714859,
        1.0,
        0.9287128712871288,
        0.9861660079051383,
        0.9977272727272727,
        0.997979797979798,
        0.9594594594594594,
        1.0,
        0.9900596421471173
    ],
    "recall": [
        0.966,
        0.938,
        0.98,
        0.994,
        0.984,
        0.956,
        0.994,
        0.99,
        0.938,
        0.998,
        0.878,
        0.988,
        0.994,
        0.988,
        0.996
    ],
    "f1": [
        0.9777327935222672,
        0.958120531154239,
        0.9023941068139963,
        0.981243830207305,
        0.9869608826479438,
        0.9725330620549338,
        0.9959919839679359,
        0.9949748743718593,
        0.9333333333333333,
        0.9920477137176938,
        0.9340425531914893,
        0.992964824120603,
        0.9764243614931237,
        0.993963782696177,
        0.9930209371884346
    ],
    "precision_macro": 0.9741033568367361,
    "recall_macro": 0.9721333333333333,
    "f1_macro": 0.9723833046987557,
    "confusion_matrix": [
        [
            483,
            8,
            6,
            1,
            0,
            0,
            0,
            0,
            2,
            0,
            0,
            0,
            0,
            0,
            0
        ],
        [
            1,
            469,
            8,
            9,
            2,
            0,
            0,
            0,
            5,
            3,
            1,
            0,
            2,
            0,
            0
        ],
        [
            2,
            0,
            490,
            0,
            0,
            2,
            0,
            0,
            1,
            1,
            0,
            1,
            3,
            0,
            0
        ],
        [
            0,
            0,
            2,
            497,
            0,
            0,
            0,
            0,
            1,
            0,
            0,
            0,
            0,
            0,
            0
        ],
        [
            0,
            0,
            8,
            0,
            492,
            0,
            0,
            0,
            0,
            0,
            0,
            0,
            0,
            0,
            0
        ],
        [
            0,
            1,
            5,
            0,
            1,
            478,
            0,
            0,
            1,
            0,
            0,
            0,
            14,
            0,
            0
        ],
        [
            0,
            0,
            1,
            0,
            0,
            0,
            497,
            0,
            0,
            2,
            0,
            0,
            0,
            0,
            0
        ],
        [
            0,
            0,
            0,
            0,
            0,
            0,
            0,
            495,
            0,
            0,
            0,
            0,
            0,
            0,
            5
        ],
        [
            0,
            1,
            30,
            0,
            0,
            0,
            0,
            0,
            469,
            0,
            0,
            0,
            0,
            0,
            0
        ],
        [
            0,
            0,
            1,
            0,
            0,
            0,
            0,
            0,
            0,
            499,
            0,
            0,
            0,
            0,
            0
        ],
        [
            2,
            0,
            19,
            6,
            2,
            3,
            1,
            0,
            26,
            1,
            439,
            0,
            1,
            0,
            0
        ],
        [
            0,
            0,
            6,
            0,
            0,
            0,
            0,
            0,
            0,
            0,
            0,
            494,
            0,
            0,
            0
        ],
        [
            0,
            0,
            3,
            0,
            0,
            0,
            0,
            0,
            0,
            0,
            0,
            0,
            497,
            0,
            0
        ],
        [
            0,
            0,
            5,
            0,
            0,
            0,
            0,
            0,
            0,
            0,
            0,
            0,
            1,
            494,
            0
        ],
        [
            0,
            0,
            2,
            0,
            0,
            0,
            0,
            0,
            0,
            0,
            0,
            0,
            0,
            0,
            498
        ]
    ]
}